v0101,v0102,v0103,v0103A,v0103B,v0104,v0201,v02A01,v02A02,v02A03,v02B01,v0301,v0302,v04A02,V04A03,V04B01,Exception,route,soortGezag,gezag_ouder1,gezag_ouder2,gezag_niet_ouder1,gezag_niet_ouder2,Index,Uitleg
,,,,,,,,,,,,,,,,,0,N,Nee,Nee,Nee,Nee,0,Route 0 ontstaat als in de bevraging of iemand geregistreerd staat een exceptie optreedt; de exceptie is te vinden in het Exception veld
Nee,,,,,,,,,,,,,,,,,1,N,Nee,Nee,Nee,Nee,150,Persoon staat niet geregistreerd als inwoner van Nederland => soort gezag is N kan niet bepalen
Ja,,,,,,,,,,,,,,,,,2e,N,Nee,Nee,Nee,Nee,200,Persoon en geboortedatum mogen niet leeg zijn; gezag kan niet bepaald worden => soort gezag is N kan niet bepalen
Ja,Nee_meerderjarig,,,,,,,,,,,,,,,,2m,NVT,Nee,Nee,Nee,Nee,210,Meerderjarig  => soort gezag is NVT niet van toepassing
Ja,Nee_overleden,,,,,,,,,,,,,,,,2o,N,Nee,Nee,Nee,Nee,220,Minderjarig; overleden  => soort gezag is N kan niet bepalen; er is nog geen beslissing genomen over de afhandeling van gezag bij overleden minderjarigen
Ja,Ja,,,,,,,,,,,,,,,,3e,N,Nee,Nee,Nee,Nee,300,Minderjarig; er staan echter gegevens in onderzoek bij vraag 1c => soort gezag is N kan niet bepalen;
Ja,Ja,Nee,Ja,,,,,,,,,,,,,,3ae,N,Nee,Nee,Nee,Nee,301,Minderjarig; geadopteerd met NL akte er staan echter gegevens in onderzoek bij vraag 1c => soort gezag is N kan niet bepalen;
Ja,Ja,Nee,,,,,,,,,,,,,,,3ee,N,Nee,Nee,Nee,Nee,310,Minderjarig; geboortegegevens in onderzoek => soort gezag is N kan niet bepalen
Ja,Ja,Ja,,,,,,,,,,,,,,,3,N,Nee,Nee,Nee,Nee,350,Minderjarig; er zijn emigratie gegevens gevonden en buitenlandse rechtspraak of gezagswetten zijn niet meegenomen => soort gezag is N kan niet bepalen;
Ja,Ja,Nee,Ja,Nee,,,,,,,,,,,,,3a,N,Nee,Nee,Nee,Nee,351,Minderjarig; geadopteerd met NL akte er zijn emigratie gegevens gevonden en buitenlandse rechtspraak of gezagswetten zijn niet meegenomen => soort gezag is N kan niet bepalen;
Ja,Ja,Nee,Nee,,,,,,,,,,,,,,4e,N,Nee,Nee,Nee,Nee,400,Minderjarig; er is een probleem met categorie 11 => soort gezag is N kan niet bepalen 
Ja,Ja,Nee,Ja,Ja,,,,,,,,,,,,,4ae,N,Nee,Nee,Nee,Nee,401,Minderjarig; geadopteerd met NL akte; er is een probleem met categorie 11 => soort gezag is N kan niet bepalen 
Ja,Ja,Nee,Nee,,Ja,,,,,,,,,,,,4ee,N,Nee,Nee,Nee,Nee,420,Minderjarig; staat onder toezicht; Preconditie: Ingangsdatum geldigheid gezag moet een valide datum bevatten => soort gezag is N kan niet bepalen
Ja,Ja,Nee,Ja,Ja,Ja,,,,,,,,,,,,4aee,N,Nee,Nee,Nee,Nee,421,Minderjarig; geadopteerd met NL akte; staat onder toezicht; Er is een  probleem met de ingangsdatum categorie 11 indicatie gezag => soort gezag is N kan niet bepalen
Ja,Ja,Nee,Nee,,Ja,,,,,,Nee,,,,,,4eee,N,Nee,Nee,Nee,Nee,430,"Minderjarig; categorie 11; Categorie 11; categorie verder niet te bepalen, of buiten geldige waardes => soort gezag is niet te bepalen"
Ja,Ja,Nee,Ja,Ja,Ja,,,,,,Nee,,,,,,4aeee,N,Nee,Nee,Nee,Nee,431,"Minderjarig; categorie 11; geadopteerd met NL-Akte; Categorie 11; categorie verder niet te bepalen, of buiten geldige waardes => soort gezag is niet te bepalen"
Ja,Ja,Nee,Nee,,Ja,,,,,,Nee,1D,,,,,4,V,Nee,Nee,Nee,Nee,450,Minderjarig; categorie 11 ouder1 en een derde => soort gezag is V voogdij
Ja,Ja,Nee,Ja,Ja,Ja,,,,,,Nee,1D,,,,,4a,V,Nee,Nee,Nee,Nee,451,Minderjarig; geadopteerd met NL akte; categorie 11 ouder1 en een derde => soort gezag is V voogdij
Ja,Ja,Nee,Nee,,Ja,,,,,,Nee,2D,,,,,5,V,Nee,Nee,Nee,Nee,550,Minderjarig; categorie 11 ouder2 en een derde => soort gezag is V voogdij
Ja,Ja,Nee,Ja,Ja,Ja,,,,,,Nee,2D,,,,,5a,V,Nee,Nee,Nee,Nee,551,Minderjarig; geadopteerd met NL akte; categorie 11 ouder2 en een derde => soort gezag is V voogdij
Ja,Ja,Nee,Nee,,Ja,,,,,,Nee,D,,,,,6,V,Nee,Nee,Nee,Nee,650,Minderjarig; categorie 11 een derde => soort gezag is V voogdij
Ja,Ja,Nee,Ja,Ja,Ja,,,,,,Nee,D,,,,,6a,V,Nee,Nee,Nee,Nee,651,Minderjarig; geadopteerd met NL akte; categorie 11 een derde => soort gezag is V voogdij
Ja,Ja,Nee,Nee,,Ja,,,,,,Nee,12,,,,,7e,N,Nee,Nee,Nee,Nee,700,Minderjarig; categorie 11 ouder1 en ouder2; Preconditie: Ouders moeten een BSN hebben; gezag kan niet bepaald worden; soort gezag is N kan niet bepalen
Ja,Ja,Nee,Ja,Ja,Ja,,,,,,Nee,12,,,,,7ae,N,Nee,Nee,Nee,Nee,701,Minderjarig; geadopteerd met NL akte; categorie 11 ouder1 en ouder2; Preconditie: Ouders moeten een BSN hebben; gezag kan niet bepaald worden; soort gezag is N kan niet bepalen
Ja,Ja,Nee,Nee,,Ja,,,,,,Nee,12,Nee,,,,7,OG2,Ja,Ja,Nee,Nee,750,Minderjarig; categorie 11 ouder1 en ouder2; Beide ouders zijn bevoegd tot gezag => soort gezag is OG2 en beide ouders hebben gezag;
Ja,Ja,Nee,Ja,Ja,Ja,,,,,,Nee,12,Nee,,,,7a,OG2,Ja,Ja,Nee,Nee,751,Minderjarig; geadopteerd met NL akte; categorie 11 ouder1 en ouder2; Beide ouders zijn bevoegd tot gezag => soort gezag is OG2 en beide ouders hebben gezag;
Ja,Ja,Nee,Nee,,Ja,,,,,,Nee,12,Ja_ouder1,,,,8,OG1,Nee,Ja,Nee,Nee,850,Minderjarig; categorie 11 ouder1 en ouder2; ouder1 is onbevoegd tot gezag => soort gezag is OG1 en ouder2 heeft gezag;
Ja,Ja,Nee,Ja,Ja,Ja,,,,,,Nee,12,Ja_ouder1,,,,8a,OG1,Nee,Ja,Nee,Nee,851,Minderjarig; geadopteerd met NL akte; categorie 11 ouder1 en ouder2; ouder1 is onbevoegd tot gezag => soort gezag is OG1 en ouder2 heeft gezag;
Ja,Ja,Nee,Nee,,Ja,,,,,,Nee,12,Ja_ouder2,,,,9,OG1,Ja,Nee,Nee,Nee,950,Minderjarig; categorie 11 ouder1 en ouder2; Ouder2 is onbevoegd tot gezag => soort gezag is OG1 en ouder1 heeft gezag;
Ja,Ja,Nee,Ja,Ja,Ja,,,,,,Nee,12,Ja_ouder2,,,,9a,OG1,Ja,Nee,Nee,Nee,951,Minderjarig; geadopteerd met NL akte; categorie 11 ouder1 en ouder2; Ouder2 is onbevoegd tot gezag => soort gezag is OG1 en ouder1 heeft gezag;
Ja,Ja,Nee,Nee,,Ja,,,,,,Nee,12,Ja_beiden,,,,10,G,Nee,Nee,Nee,Nee,1050,Minderjarig; categorie 11 ouder1 en ouder2; Beide ouders zijn onbevoegd tot gezag => soort gezag is G tijdelijk geen gezag;
Ja,Ja,Nee,Ja,Ja,Ja,,,,,,Nee,12,Ja_beiden,,,,10a,G,Nee,Nee,Nee,Nee,1051,Minderjarig; geadopteerd met NL akte; categorie 11 ouder1 en ouder2; Beide ouders zijn onbevoegd tot gezag => soort gezag is G tijdelijk geen gezag;
Ja,Ja,Nee,Nee,,Ja,,,,,,Nee,1,,,,,11e,N,Nee,Nee,Nee,Nee,1100,Minderjarig; categorie 11 ouder1; persoonslijst van ouder1 heeft  gegevens in onderzoek => soort gezag is N kan niet bepalen;
Ja,Ja,Nee,Ja,Ja,Ja,,,,,,Nee,1,,,,,11ae,N,Nee,Nee,Nee,Nee,1101,Minderjarig; geadopteerd met NL akte; categorie 11 ouder1; persoonslijst van ouder1 heeft gegevens in onderzoek => soort gezag is N kan niet bepalen;
Ja,Ja,Nee,Nee,,Ja,,,,,,Nee,1,,Nee,,,11,OG1,Ja,Nee,Nee,Nee,1150,Minderjarig; categorie 11 ouder1; Beide ouders zijn bevoegd tot gezag => soort gezag is OG1 en ouder1 heeft gezag
Ja,Ja,Nee,Ja,Ja,Ja,,,,,,Nee,1,,Nee,,,11a,OG1,Ja,Nee,Nee,Nee,1151,Minderjarig; geadopteerd met NL akte; categorie 11 ouder1; Beide ouders zijn bevoegd tot gezag => soort gezag is OG1 en ouder1 heeft gezag
Ja,Ja,Nee,Nee,,Ja,,,,,,Nee,1,,Nee_ouder1,,,11o1,OG1,Ja,Nee,Nee,Nee,1160,Minderjarig; categorie 11 ouder1; ouder1 is bevoegd tot gezag => soort gezag is OG1 en ouder1 heeft gezag
Ja,Ja,Nee,Ja,Ja,Ja,,,,,,Nee,1,,Nee_ouder1,,,11ao1,OG1,Ja,Nee,Nee,Nee,1161,Minderjarig; geadopteerd met NL akte; categorie 11 ouder1; ouder1 is bevoegd tot gezag => soort gezag is OG1 en ouder1 heeft gezag
Ja,Ja,Nee,Nee,,Ja,,,,,,Nee,1,,Nee_ouder2,,,11o2,G,Nee,Nee,Nee,Nee,1170,Minderjarig; categorie 11 ouder1; ouder1 is onbevoegd tot gezag =>  soort gezag is G tijdelijk geen gezag;
Ja,Ja,Nee,Ja,Ja,Ja,,,,,,Nee,1,,Nee_ouder2,,,11ao2,G,Nee,Nee,Nee,Nee,1171,Minderjarig; geadopteerd met NL akte; categorie 11 ouder1; ouder1 is onbevoegd tot gezag =>  soort gezag is G tijdelijk geen gezag;
Ja,Ja,Nee,Nee,,Ja,,,,,,Nee,1,,Ja,,,12,G,Nee,Nee,Nee,Nee,1250,Minderjarig; categorie 11 ouder1; Beide ouders zijn onbevoegd tot gezag; Soort gezag is G Tijdelijk geen gezag;
Ja,Ja,Nee,Ja,Ja,Ja,,,,,,Nee,1,,Ja,,,12a,G,Nee,Nee,Nee,Nee,1251,Minderjarig; geadopteerd met NL akte; categorie 11 ouder1; Beide ouders zijn onbevoegd tot gezag; Soort gezag is G Tijdelijk geen gezag;
Ja,Ja,Nee,Nee,,Ja,,,,,,Nee,2,,,,,13e,N,Nee,Nee,Nee,Nee,1300,Minderjarig; categorie 11 ouder2; bij het ophalen van de persoonslijst van ouder2 zijn relevante gegevens in onderzoek aangetroffen => soort gezag is N kan gezag niet bepalen;
Ja,Ja,Nee,Ja,Ja,Ja,,,,,,Nee,2,,,,,13ae,N,Nee,Nee,Nee,Nee,1301,Minderjarig; geadopteerd met NL akte; categorie 11 ouder2; bij het ophalen van de persoonslijst van ouder2 zijn relevante gegevens in onderzoek aangetroffen => soort gezag is N kan gezag niet bepalen;
Ja,Ja,Nee,Nee,,Ja,,,,,,Nee,2,,Nee,,,13,OG1,Nee,Ja,Nee,Nee,1350,Minderjarig; categorie 11 ouder2; Beide ouders zijn bevoegd tot gezag => soort gezag is OG1 en ouder1 heeft gezag;
Ja,Ja,Nee,Ja,Ja,Ja,,,,,,Nee,2,,Nee,,,13a,OG1,Nee,Ja,Nee,Nee,1351,Minderjarig; geadopteerd met NL akte; categorie 11 ouder2; Beide ouders zijn bevoegd tot gezag => soort gezag is OG1 en ouder1 heeft gezag;
Ja,Ja,Nee,Nee,,Ja,,,,,,Nee,2,,Nee_ouder1,,,13o1,G,Nee,Nee,Nee,Nee,1360,Minderjarig; categorie 11 ouder2; Ouder2 is onbevoegd tot gezag =>  Soort gezag is G tijdelijk geen gezag;
Ja,Ja,Nee,Ja,Ja,Ja,,,,,,Nee,2,,Nee_ouder1,,,13ao1,G,Nee,Nee,Nee,Nee,1361,Minderjarig; geadopteerd met NL akte; categorie 11 ouder2; Ouder2 is onbevoegd tot gezag =>  Soort gezag is G tijdelijk geen gezag;
Ja,Ja,Nee,Nee,,Ja,,,,,,Nee,2,,Nee_ouder2,,,13o2,OG1,Nee,Ja,Nee,Nee,1370,Minderjarig; categorie 11 ouder2; Ouder1 is onbevoegd tot gezag => soort gezag is OG1 en ouder2 heeft gezag;
Ja,Ja,Nee,Ja,Ja,Ja,,,,,,Nee,2,,Nee_ouder2,,,13ao2,OG1,Nee,Ja,Nee,Nee,1371,Minderjarig; geadopteerd met NL akte; categorie 11 ouder2; Ouder1 is onbevoegd tot gezag => soort gezag is OG1 en ouder2 heeft gezag;
Ja,Ja,Nee,Nee,,Ja,,,,,,Nee,2,,Ja,,,14,G,Nee,Nee,Nee,Nee,1450,Minderjarig; categorie 11 ouder2; Beide ouders zijn onbevoegd tot gezag => soort gezag is G tijdelijk geen gezag
Ja,Ja,Nee,Ja,Ja,Ja,,,,,,Nee,2,,Ja,,,14a,G,Nee,Nee,Nee,Nee,1451,Minderjarig; geadopteerd met NL akte; categorie 11 ouder2; Beide ouders zijn onbevoegd tot gezag => soort gezag is G tijdelijk geen gezag
Ja,Ja,Nee,Nee,,Ja,,,,,,Ja,,,,,,15e,N,Nee,Nee,Nee,Nee,1500,Minderjarig; categorie 11 en recentere gebeurtenis(sen); bij het bepalen van hoeveel ouders staan relevante gegevens in onderzoek => soort gezag is N kan gezag niet bepalen
Ja,Ja,Nee,Ja,Ja,Ja,,,,,,Ja,,,,,,15ae,N,Nee,Nee,Nee,Nee,1501,Minderjarig; geadopteerd met NL akte; categorie 11 en recentere gebeurtenis(sen); bij het bepalen van hoeveel ouders staan relevante gegevens in onderzoek => soort gezag is N kan gezag niet bepalen
Ja,Ja,Nee,Nee,,Ja,Geen_ouders,,,,,Ja,,,,,,15,G,Nee,Nee,Nee,Nee,1550,Minderjarig; categorie 11 en recentere gebeurtenis(sen); Heeft geen ouders => soort gezag is G tijdelijk geen gezag;
Ja,Ja,Nee,Ja,Ja,Ja,Geen_ouders,,,,,Ja,,,,,,15a,G,Nee,Nee,Nee,Nee,1551,Minderjarig; geadopteerd met NL akte; categorie 11 en recentere gebeurtenis(sen); Heeft geen ouders => soort gezag is G tijdelijk geen gezag;
Ja,Ja,Nee,Nee,,Ja,Twee_ouders,,,,,Ja,,,,,,16e,N,Nee,Nee,Nee,Nee,1600,Minderjarig; categorie 11 en recentere gebeurtenis(sen); heeft twee gescheiden ouders; bij de bepaling bevoegdheid tot gezag zijn relevante gegevens in onderzoek; gezag is N kan niet bepaald worden
Ja,Ja,Nee,Ja,Ja,Ja,Twee_ouders,,,,,Ja,,,,,,16ae,N,Nee,Nee,Nee,Nee,1601,Minderjarig; geadopteerd met NL akte; categorie 11 en recentere gebeurtenis(sen); heeft twee gescheiden ouders; bij de bepaling bevoegdheid tot gezag zijn relevante gegevens in onderzoek; gezag is N kan niet bepaald worden
Ja,Ja,Nee,Nee,,Ja,1_of_2_puntouders,,,,,Ja,,,,,,16,N,Nee,Nee,Nee,Nee,1650,Minderjarig; categorie 11 en recentere gebeurtenis(sen); Heeft 1 of meer puntouders => soort gezag is N kan niet bepalen;
Ja,Ja,Nee,Ja,Ja,Ja,1_of_2_puntouders,,,,,Ja,,,,,,16a,N,Nee,Nee,Nee,Nee,1651,Minderjarig; geadopteerd met NL akte; categorie 11 en recentere gebeurtenis(sen); Heeft 1 of meer puntouders => soort gezag is N kan niet bepalen;
Ja,Ja,Nee,Nee,,Ja,Een_ouder,,,,,Ja,,,,,,17e,N,Nee,Nee,Nee,Nee,1700,Minderjarig; categorie 11 en recentere gebeurtenis(sen); heeft 1 ouder; bij de gezagsbepaling zijn relevante gegevens in onderzoek aangetroffen => soort gezag is N kan niet bepalen
Ja,Ja,Nee,Ja,Ja,Ja,Een_ouder,,,,,Ja,,,,,,17ae,N,Nee,Nee,Nee,Nee,1701,Minderjarig; geadopteerd met NL akte; categorie 11 en recentere gebeurtenis(sen); heeft 1 ouder; bij de gezagsbepaling zijn relevante gegevens in onderzoek aangetroffen => soort gezag is N kan niet bepalen
Ja,Ja,Nee,Nee,,Ja,Een_ouder,,,,Nee,Ja,,,,,,17ee,N,Nee,Nee,Nee,Nee,1710,Minderjarig; categorie 11 en recentere gebeurtenis(sen); Heeft 1 ouder;  ouder heeft geen relatie; bij de gezagsbepaling zijn relevante gegevens in onderzoek aangetroffen => soort gezag is N kan niet bepalen
Ja,Ja,Nee,Ja,Ja,Ja,Een_ouder,,,,Nee,Ja,,,,,,17aee,N,Nee,Nee,Nee,Nee,1711,Minderjarig; geadopteerd met NL akte; categorie 11 en recentere gebeurtenis(sen); Heeft 1 ouder; Ouder heeft geen relatie; Bij de gezagsbepaling zijn relevante gegevens in onderzoek aangetroffen => soort gezag is N kan niet bepalen
Ja,Ja,Nee,Nee,,Ja,Een_ouder,,,,Nee,Ja,,,Ja,,,17,G,Nee,Nee,Nee,Nee,1750,Minderjarig; categorie 11 en recentere gebeurtenis(sen); Heeft 1 ouder; Ouder heeft geen relatie; Ouder is onbevoegd tot gezag => Soort gezag is G tijdelijk geen gezag
Ja,Ja,Nee,Ja,Ja,Ja,Een_ouder,,,,Nee,Ja,,,Ja,,,17a,G,Nee,Nee,Nee,Nee,1751,Minderjarig; geadopteerd met NL akte; categorie 11 en recentere gebeurtenis(sen); Heeft 1 ouder; Ouder heeft geen relatie; Ouder is onbevoegd tot gezag => Soort gezag is G tijdelijk geen gezag
Ja,Ja,Nee,Nee,,Ja,Een_ouder,,,,Nee,Ja,,,Nee,,,18,N,Nee,Nee,Nee,Nee,1850,Minderjarig; categorie 11 en recentere gebeurtenis(sen); heeft twee ongehuwde ouders; erkenning voor 20230101 dus 1 ouder heeft gezag; er kan niet bepaald worden welke ouder het betreft; Soort gezag wordt N kan niet bepalen
Ja,Ja,Nee,Ja,Ja,Ja,Een_ouder,,,,Nee,Ja,,,Nee,,,18a,N,Nee,Nee,Nee,Nee,1851,Minderjarig; Geadopteerd met NL-Akte; categorie 11 en recentere gebeurtenis(sen); heeft een ongehuwde ouder; erkenning voor 20230101 dus 1 ouder heeft gezag; er kan niet bepaald worden welke ouder het betreft; Soort gezag wordt N kan niet bepalen
Ja,Ja,Nee,Nee,,Ja,Een_ouder,,,,Nee,Ja,,,Nee_ouder1,,,18o1,OG1,Ja,Nee,Nee,Nee,1860,Minderjarig; categorie 11 en recentere gebeurtenis(sen); ouder ingeschreven als ouder1; is niet gehuwd of partnerschap => soort gezag is OG1 en ouder1 heeft gezag
Ja,Ja,Nee,Ja,Ja,Ja,Een_ouder,,,,Nee,Ja,,,Nee_ouder1,,,18ao1,OG1,Ja,Nee,Nee,Nee,1861,Minderjarig; geadopteerd met NL akte; categorie 11 en recentere gebeurtenis(sen); ouder ingeschreven als ouder1;  is niet gehuwd of partnerschap => soort gezag is OG1 en ouder1 heeft gezag
Ja,Ja,Nee,Nee,,Ja,Een_ouder,,,,Nee,Ja,,,Nee_ouder2,,,18o2,OG1,Nee,Ja,Nee,Nee,1870,Minderjarig; categorie 11 en recentere gebeurtenis(sen); ouder ingeschreven als ouder2; is niet gehuwd of partnerschap => soort gezag is OG1 en ouder2 heeft gezag
Ja,Ja,Nee,Ja,Ja,Ja,Een_ouder,,,,Nee,Ja,,,Nee_ouder2,,,18ao2,OG1,Nee,Ja,Nee,Nee,1871,Minderjarig; geadopteerd met NL akte; categorie 11 en recentere gebeurtenis(sen); ouder is ingeschreven als ouder2;  is niet gehuwd of partnerschap => soort gezag is OG1 en ouder2 heeft gezag
Ja,Ja,Nee,Nee,,Ja,Een_ouder,,,,Ja,Ja,,,,,,19e,N,Nee,Nee,Nee,Nee,1900,Minderjarig; categorie 11 en recentere gebeurtenis(sen); ouder is gehuwd of partnerschap; bij bepalen bevoegdheid tot gezag gegevens in onderzoek => soort gezag is N kan niet bepalen 
Ja,Ja,Nee,Ja,Ja,Ja,Een_ouder,,,,Ja,Ja,,,,,,19ae,N,Nee,Nee,Nee,Nee,1901,Minderjarig; geadopteerd met NL akte; categorie 11 en recentere gebeurtenis(sen); ouder is gehuwd of partnerschap; bij bepalen bevoegdheid tot gezag gegevens in onderzoek => soort gezag is N kan niet bepalen 
Ja,Ja,Nee,Nee,,Ja,Een_ouder,,,,Ja,Ja,,,,Nee,,19,GG,Ja,Ja,Ja,Ja,1950,Minderjarig; categorie 11 en recentere gebeurtenis(sen); ouder is gehuwd of partnerschap; ouder en partner zijn bevoegd tot gezag => soort gezag is GG en ouder en partner hebben gezag
Ja,Ja,Nee,Ja,Ja,Ja,Een_ouder,,,,Ja,Ja,,,,Nee,,19a,GG,Ja,Ja,Ja,Ja,1951,Minderjarig; geadopteerd met NL akte; categorie 11 en recentere gebeurtenis(sen); ouder is gehuwd of partnerschap; ouder en partner zijn bevoegd tot gezag => soort gezag is GG en ouder en partner hebben gezag
Ja,Ja,Nee,Nee,,Ja,Een_ouder,,,,Ja,Ja,,,,Ja_nietouder1,,20no1,OG1,Ja,Nee,Nee,Nee,2060,Minderjarig; categorie 11 en recentere gebeurtenis(sen); ouder ingeschreven als ouder1; ouder is gehuwd of partnerschap; partner is onbevoegd tot gezag => soort gezag is OG1 en ouder1 heeft het gezag
Ja,Ja,Nee,Ja,Ja,Ja,Een_ouder,,,,Ja,Ja,,,,Ja_nietouder1,,20ano1,OG1,Ja,Nee,Nee,Nee,2061,Minderjarig; geadopteerd met NL akte; categorie 11 en recentere gebeurtenis(sen); ouder ingeschreven als ouder1; ouder is gehuwd of partnerschap; partner is onbevoegd tot gezag => soort gezag is OG1 en ouder1 heeft het gezag
Ja,Ja,Nee,Nee,,Ja,Een_ouder,,,,Ja,Ja,,,,Ja_nietouder2,,20no2,OG1,Nee,Ja,Nee,Nee,2070,Minderjarig; categorie 11 en recentere gebeurtenis(sen); ouder ingeschreven als ouder2; ouder is gehuwd of partnerschap; partner is onbevoegd tot gezag => soort gezag is OG1 en ouder2 heeft het gezag
Ja,Ja,Nee,Ja,Ja,Ja,Een_ouder,,,,Ja,Ja,,,,Ja_nietouder2,,20ano2,OG1,Nee,Ja,Nee,Nee,2071,Minderjarig; geadopteerd met NL akte; categorie 11 en recentere gebeurtenis(sen); ouder ingeschreven als ouder2; ouder is gehuwd of partnerschap; partner is onbevoegd tot gezag => soort gezag is OG1 en ouder2 heeft het gezag
Ja,Ja,Nee,Nee,,Ja,Een_ouder,,,,Ja,Ja,,,,Ja_ouder1,,21o1,V,Nee,Nee,Ja,Nee,2160,Minderjarig; categorie 11 en recentere gebeurtenis(sen); ouder ingeschreven als ouder1; ouder is gehuwd of partnerschap; ouder is onbevoegd tot gezag => soort gezag is OG1 en de partner van ouder1 heeft het gezag
Ja,Ja,Nee,Ja,Ja,Ja,Een_ouder,,,,Ja,Ja,,,,Ja_ouder1,,21ao1,V,Nee,Nee,Ja,Nee,2161,Minderjarig; geadopteerd met NL akte; categorie 11 en recentere gebeurtenis(sen); ouder ingeschreven als ouder1; ouder is gehuwd of partnerschap; ouder is onbevoegd tot gezag => soort gezag is OG1 en de partner van ouder1 heeft het gezag
Ja,Ja,Nee,Nee,,Ja,Een_ouder,,,,Ja,Ja,,,,Ja_ouder2,,21o2,V,Nee,Nee,Nee,Ja,2170,Minderjarig; categorie 11 en recentere gebeurtenis(sen); ouder ingeschreven als ouder2; ouder is gehuwd of partnerschap; ouder is onbevoegd tot gezag => soort gezag is V en de partner van ouder2 is voogd
Ja,Ja,Nee,Ja,Ja,Ja,Een_ouder,,,,Ja,Ja,,,,Ja_ouder2,,21ao2,V,Nee,Nee,Nee,Ja,2171,Minderjarig; geadopteerd met NL akte; categorie 11 en recentere gebeurtenis(sen); ouder is ingeschreven als ouder2; ouder is gehuwd of partnerschap; ouder is onbevoegd tot gezag => soort gezag is V en de partner van ouder2 is voogd
Ja,Ja,Nee,Nee,,Ja,Een_ouder,,,,Ja,Ja,,,,Ja_beiden,,22,G,Nee,Nee,Nee,Nee,2250,Minderjarig; categorie 11 en recentere gebeurtenis(sen); heeft 1 ouder; ouder is gehuwd of partnerschap; ouder en partner zijn niet bevoegd tot gezag => soort gezag is G tijdelijk geen gezag
Ja,Ja,Nee,Ja,Ja,Ja,Een_ouder,,,,Ja,Ja,,,,Ja_beiden,,22a,G,Nee,Nee,Nee,Nee,2251,Minderjarig; geadopteerd met NL akte; categorie 11 en recentere gebeurtenis(sen); heeft 1 ouder; ouder is gehuwd of partnerschap; ouder en partner zijn niet bevoegd tot gezag => soort gezag is G tijdelijk geen gezag
Ja,Ja,Nee,Nee,,Ja,Twee_ouders,,,,,,,,,,,23e,N,Nee,Nee,Nee,Nee,2300,Minderjarig; categorie 11 en recentere gebeurtenis(sen); heeft twee gescheiden ouders; bij de bepaling bevoegdheid tot gezag zijn relevante gegevens in onderzoek; gezag is N kan niet bepaald worden
Ja,Ja,Nee,Nee,,Ja,Twee_ouders,Nee_gescheiden,,,,Ja,,,,,,23ee,N,Nee,Nee,Nee,Nee,2310,Minderjarig; categorie 11 en recentere gebeurtenis(sen); heeft twee gescheiden ouders; bij de bepaling bevoegdheid tot gezag zijn relevante gegevens in onderzoek => soort gezag is N kan niet bepaald worden
Ja,Ja,Nee,Ja,Ja,Ja,Twee_ouders,Nee_gescheiden,,,,Ja,,,,,,23aee,N,Nee,Nee,Nee,Nee,2311,Minderjarig; geadopteerd met NL akte; categorie 11 en recentere gebeurtenis(sen); heeft twee gescheiden ouders; bij de bepaling bevoegdheid tot gezag zijn relevante gegevens in onderzoek => soort gezag is N kan niet bepaald worden
Ja,Ja,Nee,Nee,,Ja,Twee_ouders,Nee_gescheiden,,,,Ja,,Nee,,,,23,OG2,Ja,Ja,Nee,Nee,2350,Minderjarig; categorie 11 en recentere gebeurtenis(sen); heeft twee gescheiden ouders; beide ouders zijn bevoegd tot gezag => soort gezag is OG2 en beide ouders hebben gezag
Ja,Ja,Nee,Ja,Ja,Ja,Twee_ouders,Nee_gescheiden,,,,Ja,,Nee,,,,23a,OG2,Ja,Ja,Nee,Nee,2351,Minderjarig; geadopteerd met NL akte; categorie 11 en recentere gebeurtenis(sen); heeft twee gescheiden ouders; beide ouders zijn bevoegd tot gezag => soort gezag is OG2 en beide ouders hebben gezag
Ja,Ja,Nee,Nee,,Ja,Twee_ouders,Nee_gescheiden,,,,Ja,,Ja_ouder1,,,,24,OG1,Nee,Ja,Nee,Nee,2450,Minderjarig; categorie 11 en recentere gebeurtenis(sen); heeft twee gescheiden ouders; ouder1 is onbevoegd tot gezag; gezag is OG1 en ouder 2 heeft het gezag;
Ja,Ja,Nee,Ja,Ja,Ja,Twee_ouders,Nee_gescheiden,,,,Ja,,Ja_ouder1,,,,24a,OG1,Nee,Ja,Nee,Nee,2451,Minderjarig; geadopteerd met NL akte; categorie 11 en recentere gebeurtenis(sen); heeft twee gescheiden ouders; ouder1 is onbevoegd tot gezag => soort  gezag is OG1 en ouder 2 heeft het gezag
Ja,Ja,Nee,Nee,,Ja,Twee_ouders,Nee_gescheiden,,,,Ja,,Ja_ouder2,,,,25,OG1,Ja,Nee,Nee,Nee,2550,Minderjarig; categorie 11 en recentere gebeurtenis(sen); heeft twee gescheiden ouders; ouder2 is onbevoegd tot gezag; gezag is OG1 en ouder 1 heeft het gezag;
Ja,Ja,Nee,Ja,Ja,Ja,Twee_ouders,Nee_gescheiden,,,,Ja,,Ja_ouder2,,,,25a,OG1,Ja,Nee,Nee,Nee,2551,Minderjarig; geadopteerd met NL akte; categorie 11 en recentere gebeurtenis(sen); heeft twee gescheiden ouders; ouder2 is onbevoegd tot gezag => soort gezag is OG1 en ouder 1 heeft het gezag;
Ja,Ja,Nee,Nee,,Ja,Twee_ouders,Nee_gescheiden,,,,Ja,,Ja_beiden,,,,26,G,Nee,Nee,Nee,Nee,2650,Minderjarig; categorie 11 en recentere gebeurtenis(sen); heeft twee gescheiden ouders; beide ouders zijn niet bevoegd tot gezag => soort gezag is G tijdelijk geen gezag
Ja,Ja,Nee,Ja,Ja,Ja,Twee_ouders,Nee_gescheiden,,,,Ja,,Ja_beiden,,,,26a,G,Nee,Nee,Nee,Nee,2651,Minderjarig; geadopteerd met NL akte; categorie 11 en recentere gebeurtenis(sen); heeft twee ouders; beide ouders zijn niet bevoegd tot gezag => soort gezag is G tijdelijk geen gezag
Ja,Ja,Nee,Nee,,Ja,Twee_ouders,Ja,,,,Ja,,,,,,27e,N,Nee,Nee,Nee,Nee,2700,Minderjarig; categorie 11 en recentere gebeurtenis(sen); heeft twee gehuwde ouders; bij de bepaling bevoegdheid tot gezag zijn relevante gegevens in onderzoek; gezag is N kan niet bepaald worden
Ja,Ja,Nee,Ja,Ja,Ja,Twee_ouders,Ja,,,,Ja,,,,,,27ae,N,Nee,Nee,Nee,Nee,2701,Minderjarig; geadopteerd met NL akte; categorie 11 en recentere gebeurtenis(sen); heeft twee gehuwde ouders; bij de bepaling bevoegdheid tot gezag zijn relevante gegevens in onderzoek; gezag is N kan niet bepaald worden
Ja,Ja,Nee,Nee,,Ja,Twee_ouders,Ja,,,,Ja,,Nee,,,,27,OG2,Ja,Ja,Nee,Nee,2750,Minderjarig; categorie 11 en recentere gebeurtenis(sen); heeft twee gehuwde ouders; beide ouders zijn bevoegd tot gezag => soort gezag is OG2 en beide ouders hebben gezag
Ja,Ja,Nee,Ja,Ja,Ja,Twee_ouders,Ja,,,,Ja,,Nee,,,,27a,OG2,Ja,Ja,Nee,Nee,2751,Minderjarig; geadopteerd met NL akte; categorie 11 en recentere gebeurtenis(sen); heeft twee gehuwde ouders; beide ouders zijn bevoegd tot gezag => soort gezag is OG2 en beide ouders hebben gezag
Ja,Ja,Nee,Nee,,Ja,Twee_ouders,Ja,,,,Ja,,Ja_ouder1,,,,28,OG1,Nee,Ja,Nee,Nee,2850,Minderjarig; categorie 11 en recentere gebeurtenis(sen); heeft twee gehuwde ouders; ouder1 is onbevoegd tot gezag; gezag is OG1 en ouder 2 heeft het gezag
Ja,Ja,Nee,Ja,Ja,Ja,Twee_ouders,Ja,,,,Ja,,Ja_ouder1,,,,28a,OG1,Nee,Ja,Nee,Nee,2851,Minderjarig; geadopteerd met NL akte; categorie 11 en recentere gebeurtenis(sen); heeft twee gehuwde ouders; ouder1 is onbevoegd tot gezag; gezag is OG1 en ouder 2 heeft het gezag
Ja,Ja,Nee,Nee,,Ja,Twee_ouders,Ja,,,,Ja,,Ja_ouder2,,,,29,OG1,Ja,Nee,Nee,Nee,2950,Minderjarig; categorie 11 en recentere gebeurtenis(sen); heeft twee gehuwde ouders; ouder2 is onbevoegd tot gezag; gezag is OG1 en ouder 1 heeft het gezag
Ja,Ja,Nee,Ja,Ja,Ja,Twee_ouders,Ja,,,,Ja,,Ja_ouder2,,,,29a,OG1,Ja,Nee,Nee,Nee,2951,Minderjarig; geadopteerd met NL akte; categorie 11 en recentere gebeurtenis(sen); heeft twee gehuwde ouders; ouder2 is onbevoegd tot gezag; gezag is OG1 en ouder 1 heeft het gezag
Ja,Ja,Nee,Nee,,Ja,Twee_ouders,Ja,,,,Ja,,Ja_beiden,,,,30,G,Nee,Nee,Nee,Nee,3050,Minderjarig; categorie 11 en recentere gebeurtenis(sen); heeft twee gehuwde ouders; beide ouders zijn niet bevoegd tot gezag => soort gezag is G tijdelijk geen gezag
Ja,Ja,Nee,Ja,Ja,Ja,Twee_ouders,Ja,,,,Ja,,Ja_beiden,,,,30a,G,Nee,Nee,Nee,Nee,3051,Minderjarig; geadopteerd met NL akte; categorie 11 en recentere gebeurtenis(sen); heeft twee gehuwde ouders; beide ouders zijn niet bevoegd tot gezag => soort gezag is G tijdelijk geen gezag
Ja,Ja,Nee,Nee,,Ja,Twee_ouders,Nee_nietig_verklaard,,,,Ja,,,,,,27xe,N,Nee,Nee,Nee,Nee,2700,Minderjarig; categorie 11 en recentere gebeurtenis(sen); heeft twee gehuwde ouders; bij de bepaling bevoegdheid tot gezag zijn relevante gegevens in onderzoek; gezag is N kan niet bepaald worden
Ja,Ja,Nee,Ja,Ja,Ja,Twee_ouders,Nee_nietig_verklaard,,,,Ja,,,,,,27xae,N,Nee,Nee,Nee,Nee,2701,Minderjarig; geadopteerd met NL akte; categorie 11 en recentere gebeurtenis(sen); heeft twee gehuwde ouders; bij de bepaling bevoegdheid tot gezag zijn relevante gegevens in onderzoek; gezag is N kan niet bepaald worden
Ja,Ja,Nee,Nee,,Ja,Twee_ouders,Nee_nietig_verklaard,,,,Ja,,Nee,,,,27x,OG2,Ja,Ja,Nee,Nee,2750,Minderjarig; categorie 11 en recentere gebeurtenis(sen); heeft twee gehuwde ouders; beide ouders zijn bevoegd tot gezag => soort gezag is OG2 en beide ouders hebben gezag
Ja,Ja,Nee,Ja,Ja,Ja,Twee_ouders,Nee_nietig_verklaard,,,,Ja,,Nee,,,,27xa,OG2,Ja,Ja,Nee,Nee,2751,Minderjarig; geadopteerd met NL akte; categorie 11 en recentere gebeurtenis(sen); heeft twee gehuwde ouders; beide ouders zijn bevoegd tot gezag => soort gezag is OG2 en beide ouders hebben gezag
Ja,Ja,Nee,Nee,,Ja,Twee_ouders,Nee_nietig_verklaard,,,,Ja,,Ja_ouder1,,,,28x,OG1,Nee,Ja,Nee,Nee,2850,Minderjarig; categorie 11 en recentere gebeurtenis(sen); heeft twee gehuwde ouders; ouder1 is onbevoegd tot gezag; gezag is OG1 en ouder 2 heeft het gezag
Ja,Ja,Nee,Ja,Ja,Ja,Twee_ouders,Nee_nietig_verklaard,,,,Ja,,Ja_ouder1,,,,28xa,OG1,Nee,Ja,Nee,Nee,2851,Minderjarig; geadopteerd met NL akte; categorie 11 en recentere gebeurtenis(sen); heeft twee gehuwde ouders; ouder1 is onbevoegd tot gezag; gezag is OG1 en ouder 2 heeft het gezag
Ja,Ja,Nee,Nee,,Ja,Twee_ouders,Nee_nietig_verklaard,,,,Ja,,Ja_ouder2,,,,29x,OG1,Ja,Nee,Nee,Nee,2950,Minderjarig; categorie 11 en recentere gebeurtenis(sen); heeft twee gehuwde ouders; ouder2 is onbevoegd tot gezag; gezag is OG1 en ouder 1 heeft het gezag
Ja,Ja,Nee,Ja,Ja,Ja,Twee_ouders,Nee_nietig_verklaard,,,,Ja,,Ja_ouder2,,,,29xa,OG1,Ja,Nee,Nee,Nee,2951,Minderjarig; geadopteerd met NL akte; categorie 11 en recentere gebeurtenis(sen); heeft twee gehuwde ouders; ouder2 is onbevoegd tot gezag; gezag is OG1 en ouder 1 heeft het gezag
Ja,Ja,Nee,Nee,,Ja,Twee_ouders,Nee_nietig_verklaard,,,,Ja,,Ja_beiden,,,,30x,G,Nee,Nee,Nee,Nee,3050,Minderjarig; categorie 11 en recentere gebeurtenis(sen); heeft twee gehuwde ouders; beide ouders zijn niet bevoegd tot gezag => soort gezag is G tijdelijk geen gezag
Ja,Ja,Nee,Ja,Ja,Ja,Twee_ouders,Nee_nietig_verklaard,,,,Ja,,Ja_beiden,,,,30xa,G,Nee,Nee,Nee,Nee,3051,Minderjarig; geadopteerd met NL akte; categorie 11 en recentere gebeurtenis(sen); heeft twee gehuwde ouders; beide ouders zijn niet bevoegd tot gezag => soort gezag is G tijdelijk geen gezag
Ja,Ja,Nee,Nee,,Ja,Twee_ouders,Nee_nooit,,,,Ja,,,,,,31e,N,Nee,Nee,Nee,Nee,3100,Minderjarig; categorie 11 en recentere gebeurtenis(sen); heeft twee ongehuwde ouders; kind is geadopteerd; bij het bepalen van bevoegdheid tot gezag bij ouders zijn relevante gegevens in onderzoek => soort gezag is N kan niet bepaald worden
Ja,Ja,Nee,Nee,,Ja,Twee_ouders,Nee_nooit,Nee,,,Ja,,,,,,31ee,N,Nee,Nee,Nee,Nee,3110,Minderjarig; categorie 11 en recentere gebeurtenis(sen); heeft twee ongehuwde ouders; kind is geadopteerd; bij het bepalen van bevoegdheid tot gezag bij ouders zijn relevante gegevens in onderzoek => soort gezag is N kan niet bepaald worden
Ja,Ja,Nee,Ja,Ja,Ja,Twee_ouders,Nee_nooit,Nee,,,Ja,,,,,,31aee,N,Nee,Nee,Nee,Nee,3111,"Minderjarig; Geadopteerd met NL-Akte, categorie 11 en recentere gebeurtenis(sen); heeft twee ongehuwde ouders; kind is geadopteerd; bij het bepalen van bevoegdheid tot gezag bij ouders zijn relevante gegevens in onderzoek => soort gezag is N kan niet bepaald worden"
Ja,Ja,Nee,Nee,,Ja,Twee_ouders,Nee_nooit,Nee,Voor,,Ja,,,,,,31eee,N,Nee,Nee,Nee,Nee,3120,Minderjarig; categorie 11 en recentere gebeurtenis(sen); heeft twee ongehuwde ouders; erkenning voor 20230101 dus 1 ouder heeft gezag; bij het bepalen van bevoegdheid tot gezag bij ouders gegevens in onderzoek => soort gezag is N kan niet bepaald worden
Ja,Ja,Nee,Ja,Ja,Ja,Twee_ouders,Nee_nooit,Nee,Voor,,Ja,,,,,,31aeee,N,Nee,Nee,Nee,Nee,3121,Minderjarig; Geadopteerd met NL-Akte; categorie 11 en recentere gebeurtenis(sen); heeft twee ongehuwde ouders; erkenning voor 20230101 dus 1 ouder heeft gezag; bij het bepalen van bevoegdheid tot gezag bij ouders gegevens in onderzoek => soort gezag is N kan niet bepaald worden
Ja,Ja,Nee,Nee,,Ja,Twee_ouders,Nee_nooit,Nee,Na,,Ja,,Nee,,,,31nn,OG2,Ja,Ja,Nee,Nee,3150,Minderjarig; Categorie 11 en recente gebeurtenis(sen) heeft twee ongehuwde ouders; Erkenning na 1-1-2023; beide ouders zijn bevoegd tot gezag = OG2 en beide ouders hebben gezag
Ja,Ja,Nee,Nee,,Ja,Twee_ouders,Nee_nooit,Nee,Voor,,Ja,,,Ja,,,31,G,Nee,Nee,Nee,Nee,3150,Minderjarig; categorie 11 en recentere gebeurtenis(sen); heeft twee ongehuwde ouders; erkenning voor 20230101 dus 1 ouder heeft gezag; beide ouders zijn niet bevoegd tot gezag =>  soort gezag is G tijdelijk geen gezag
Ja,Ja,Nee,Ja,Ja,Ja,Twee_ouders,Nee_nooit,Nee,Na,,Ja,,Nee,,,,31ann,OG2,Ja,Ja,Nee,Nee,3151,Minderjarig; Geadopteerd met NL-Akte; Categorie 11 en recente gebeurtenis(sen) heeft twee ongehuwde ouders; Erkenning na 1-1-2023; beide ouders zijn bevoegd tot gezag = OG2 en beide ouders hebben gezag
Ja,Ja,Nee,Nee,,Ja,Twee_ouders,Nee_nooit,Nee,Na,,Ja,,,,,,31ne,N,Nee,Nee,Nee,Nee,3160,Minderjarig; categorie 11 en recentere gebeurtenis(sen); heeft twee ongehuwde ouders; erkenning na 20230101 dus beide ouders komen in aanmerking voor gezag; gezag kan niet bepaald worden => soort gezag is N kan niet worden bepaald
Ja,Ja,Nee,Ja,Ja,Ja,Twee_ouders,Nee_nooit,Nee,Na,,Ja,,,,,,31ane,N,Nee,Nee,Nee,Nee,3161,Minderjarig; Geadopteerd met NL-Akte; categorie 11 en recentere gebeurtenis(sen); heeft twee ongehuwde ouders; erkenning na 20230101 dus beide ouders komen in aanmerking voor gezag; gezag kan niet bepaald worden => soort gezag is N kan niet worden bepaald
Ja,Ja,Nee,Ja,Ja,Ja,Twee_ouders,Nee_nooit,Nee,Na,,Ja,,Ja_beiden,,,,31anb,G,Nee,Nee,Nee,Nee,3162,Minderjarig; Geadopteerd met NL-Akte; heeft 2 ongehuwde ouders; erkenning voor 20230101 dus 1 ouder heeft gezag; beide ouders zijn niet bevoegd tot gezag => soort gezag is G tijdelijk geen gezag
Ja,Ja,Nee,Nee,,Ja,Twee_ouders,Nee_nooit,Nee,Na,,Ja,,Ja_ouder1,,,,31no2,OG1,Nee,Ja,Nee,Nee,3170,Minderjarig; categorie 11 en recentere gebeurtenis(sen); heeft twee ongehuwde ouders; erkenning na 20230101 dus beide ouders komen in aanmerking voor gezag; ouder1 is onbevoegd tot gezag => soort gezag is OG1 en ouder2 heeft het gezag
Ja,Ja,Nee,Ja,Ja,Ja,Twee_ouders,Nee_nooit,Nee,Na,,Ja,,Ja_ouder1,,,,31ano2,OG1,Nee,Ja,Nee,Nee,3171,Minderjarig; Geadopteerd met NL-Akte; categorie 11 en recentere gebeurtenis(sen); heeft twee ongehuwde ouders; erkenning na 20230101 dus beide ouders komen in aanmerking voor gezag; ouder1 is onbevoegd tot gezag => soort gezag is OG1 en ouder2 heeft het gezag
Ja,Ja,Nee,Nee,,Ja,Twee_ouders,Nee_nooit,Nee,Na,,Ja,,Ja_ouder2,,,,31no1,OG1,Ja,Nee,Nee,Nee,3180,Minderjarig; categorie 11 en recentere gebeurtenis(sen); heeft twee ongehuwde ouders; erkenning na 20230101 dus beide ouders komen in aanmerking voor gezag; ouder2 is onbevoegd tot gezag => soort gezag is OG1 en ouder1 heeft het gezag
Ja,Ja,Nee,Ja,Ja,Ja,Twee_ouders,Nee_nooit,Nee,Na,,Ja,,Ja_ouder2,,,,31ano1,OG1,Ja,Nee,Nee,Nee,3181,Minderjarig; Geadopteerd met NL-Akte; categorie 11 en recentere gebeurtenis(sen); heeft twee ongehuwde ouders; erkenning na 20230101 dus beide ouders komen in aanmerking voor gezag; ouder2 is onbevoegd tot gezag => soort gezag is OG1 en ouder1 heeft het gezag
Ja,Ja,Nee,Nee,,Ja,Twee_ouders,Nee_nooit,Nee,Na,,Ja,,Ja_beiden,,,,31nb,G,Nee,Nee,Nee,Nee,3190,Minderjarig; categorie 11 en recentere gebeurtenis(sen); heeft twee ongehuwde ouders; erkenning na 20230101 dus beide ouders komen in aanmerking voor gezag; beide ouders zijn niet bevoegd tot gezag =>  soort gezag is G tijdelijk geen gezag
Ja,Ja,Nee,Nee,,Ja,Twee_ouders,Nee_nooit,Nee,Voor,,Ja,,,Nee,,,32,N,Nee,Nee,Nee,Nee,3250,Minderjarig; categorie 11 en recentere gebeurtenis(sen); heeft twee ongehuwde ouders; erkenning voor 20230101 dus 1 ouder heeft gezag; er kan niet bepaald worden welke ouder het betreft; Soort gezag wordt N kan niet bepalen
Ja,Ja,Nee,Ja,Ja,Ja,Twee_ouders,Nee_nooit,Nee,Voor,,Ja,,,Nee,,,32a,N,Nee,Nee,Nee,Nee,3251,Minderjarig; Geadopteerd met NL-Akte; categorie 11 en recentere gebeurtenis(sen); heeft twee ongehuwde ouders; erkenning voor 20230101 dus 1 ouder heeft gezag; er kan niet bepaald worden welke ouder het betreft; Soort gezag wordt N kan niet bepalen
Ja,Ja,Nee,Nee,,Ja,Twee_ouders,Nee_nooit,Nee,Voor,,Ja,,,Nee_ouder1,,,32o1,OG1,Ja,Nee,Nee,Nee,3260,Minderjarig; categorie 11 en recentere gebeurtenis(sen); heeft twee ongehuwde ouders; erkenning voor 20230101 dus 1 ouder heeft gezag; ouder1 is bevoegd tot gezag =>  soort gezag is OG1 en ouder1 heeft het gezag
Ja,Ja,Nee,Ja,Ja,Ja,Twee_ouders,Nee_nooit,Nee,Voor,,Ja,,,Ja,,,32ab,G,Nee,Nee,Nee,Nee,3261,Minderjarig; Geadopteerd met NL-Akte; categorie 11 en recentere gebeurtenis(sen); heeft twee ongehuwde ouders; erkenning voor 20230101 dus 1 ouder heeft gezag; beide ouders zijn niet bevoegd tot gezag =>  soort gezag is G tijdelijk geen gezag
Ja,Ja,Nee,Nee,,Ja,Twee_ouders,Nee_nooit,Nee,Voor,,Ja,,,Nee_ouder2,,,32o2,OG1,Nee,Ja,Nee,Nee,3270,Minderjarig; categorie 11 en recentere gebeurtenis(sen); heeft twee ongehuwde ouders; erkenning voor 20230101 dus 1 ouder heeft gezag; ouder2 is bevoegd tot gezag =>  soort gezag is OG1 en ouder2 heeft het gezag
Ja,Ja,Nee,Ja,Ja,Ja,Twee_ouders,Nee_nooit,Nee,Voor,,Ja,,,Nee_ouder1,,,32ao1,OG1,Ja,Nee,Nee,Nee,3271,Minderjarig; Geadopteerd met NL-Akte; categorie 11 en recentere gebeurtenis(sen); heeft twee ongehuwde ouders; erkenning voor 20230101 dus 1 ouder heeft gezag; ouder2 is bevoegd tot gezag =>  soort gezag is OG1 en ouder2 heeft het gezag
Ja,Ja,Nee,Ja,Ja,Ja,Twee_ouders,Nee_nooit,Nee,Voor,,Ja,,,Nee_ouder2,,,32ao2,OG1,Nee,Ja,Nee,Nee,3281,Minderjarig; Geadopteerd met NL-Akte; categorie 11 en recentere gebeurtenis(sen); heeft twee ongehuwde ouders; erkenning voor 20230101 dus 1 ouder heeft gezag; ouder1 is bevoegd tot gezag =>  soort gezag is OG1 en ouder1 heeft het gezag
Ja,Ja,Nee,Nee,,Ja,Twee_ouders,Nee_nooit,Ja,,,Ja,,,,,,33e,N,Nee,Nee,Nee,Nee,3300,Minderjarig; categorie 11 en recentere gebeurtenis(sen); heeft twee ongehuwde ouders; kind is geadopteerd; bij het bepalen van bevoegdheid to gezag bij ouders zijn relevante gegevens in onderzoek  => soort gezag is N kan niet bepaald worden
Ja,Ja,Nee,Ja,Ja,Ja,Twee_ouders,Nee_nooit,,,,Ja,,,,,,33ae,N,Nee,Nee,Nee,Nee,3301,Minderjarig; geadopteerd met NL akte; categorie 11 en recentere gebeurtenis(sen); heeft twee ongehuwde ouders; 
Ja,Ja,Nee,Ja,Ja,Ja,Twee_ouders,Nee_nooit,Ja,,,Ja,,,,,,33aee,N,Nee,Nee,Nee,Nee,3311,Minderjarig; geadopteerd met NL akte; categorie 11 en recentere gebeurtenis(sen); heeft twee ongehuwde ouders; kind is geadopteerd; bij het bepalen van bevoegdheid to gezag bij ouders zijn relevante gegevens in onderzoek  => soort gezag is N kan niet bepaald worden
Ja,Ja,Nee,Nee,,Ja,Twee_ouders,Nee_nooit,Ja,,,Ja,,Nee,,,,33,OG2,Ja,Ja,Nee,Nee,3350,Minderjarig; categorie 11 en recentere gebeurtenis(sen); heeft twee ongehuwde ouders; kind is geadopteerd; beide ouders zijn bevoegd tot gezag => soort gezag is OG2 en beide ouders hebben gezag
Ja,Ja,Nee,Ja,Ja,Ja,Twee_ouders,Nee_nooit,Ja,,,Ja,,Nee,,,,33a,OG2,Ja,Ja,Nee,Nee,3351,Minderjarig; geadopteerd met NL akte; categorie 11 en recentere gebeurtenis(sen); heeft twee ongehuwde ouders; kind is geadopteerd; beide ouders zijn bevoegd tot gezag => soort gezag is OG2 en beide ouders hebben gezag
Ja,Ja,Nee,Nee,,Ja,Twee_ouders,Nee_nooit,Ja,,,Ja,,Ja_ouder1,,,,34,OG1,Nee,Ja,Nee,Nee,3450,Minderjarig; categorie 11 en recentere gebeurtenis(sen); heeft twee ongehuwde ouders; kind is geadopteerd; ouder1 is onbevoegd tot gezag => soort gezag is OG1 en ouder2 heeft gezag
Ja,Ja,Nee,Ja,Ja,Ja,Twee_ouders,Nee_nooit,Ja,,,Ja,,Ja_ouder1,,,,34a,OG1,Nee,Ja,Nee,Nee,3451,Minderjarig; geadopteerd met NL akte; categorie 11 en recentere gebeurtenis(sen); heeft twee ongehuwde ouders; kind is geadopteerd; ouder1 is onbevoegd tot gezag => soort gezag is OG1 en ouder2 heeft gezag
Ja,Ja,Nee,Nee,,Ja,Twee_ouders,Nee_nooit,Ja,,,Ja,,Ja_ouder2,,,,35,OG1,Ja,Nee,Nee,Nee,3550,Minderjarig; categorie 11 en recentere gebeurtenis(sen); heeft twee ongehuwde ouders; kind is geadopteerd; ouder2 is onbevoegd tot gezag => soort gezag is OG1 en ouder1 heeft gezag
Ja,Ja,Nee,Ja,Ja,Ja,Twee_ouders,Nee_nooit,Ja,,,Ja,,Ja_ouder2,,,,35a,OG1,Ja,Nee,Nee,Nee,3551,Minderjarig; geadopteerd met NL akte; categorie 11 en recentere gebeurtenis(sen); heeft twee ongehuwde ouders; kind is geadopteerd; ouder2 is onbevoegd tot gezag => soort gezag is OG1 en ouder1 heeft gezag
Ja,Ja,Nee,Nee,,Ja,Twee_ouders,Nee_nooit,Ja,,,Ja,,Ja_beiden,,,,36,G,Nee,Nee,Nee,Nee,3650,Minderjarig; categorie 11 en recentere gebeurtenis(sen); heeft twee ongehuwde ouders; kind is geadopteerd; beide ouders zijn niet bevoegd tot gezag  => soort gezag is G tijdelijk geen gezag
Ja,Ja,Nee,Ja,Ja,Ja,Twee_ouders,Nee_nooit,Ja,,,Ja,,Ja_beiden,,,,36a,G,Nee,Nee,Nee,Nee,3651,Minderjarig; geadopteerd met NL akte; categorie 11 en recentere gebeurtenis(sen); heeft twee ongehuwde ouders; kind is geadopteerd; beide ouders zijn niet bevoegd tot gezag  => soort gezag is G tijdelijk geen gezag
Ja,Ja,Nee,Nee,,Nee,,,,,,,,,,,,37e,N,Nee,Nee,Nee,Nee,3700,Minderjarig; gegevens ouder(s) in onderzoek => soort gezag is N kan niet bepaald worden
Ja,Ja,Nee,Ja,Ja,Nee,,,,,,,,,,,,37ae,N,Nee,Nee,Nee,Nee,3701,Minderjarig; Geadopteerd met NL-Akte; gegevens ouder(s) in onderzoek => soort gezag is N kan niet bepaald worden
Ja,Ja,Nee,Nee,,Nee,Geen_ouders,,,,,,,,,,,37,G,Nee,Nee,Nee,Nee,3750,Minderjarig; heeft geen ouders => soort gezag is G tijdelijk geen gezag
Ja,Ja,Nee,Ja,Ja,Nee,Geen_ouders,,,,,,,,,,,37a,G,Nee,Nee,Nee,Nee,3751,Minderjarig; geadopteerd met NL akte; heeft geen ouders => soort gezag is G tijdelijk geen gezag
Ja,Ja,Nee,Nee,,Nee,1_of_2_puntouders,,,,,,,,,,,38,N,Nee,Nee,Nee,Nee,3850,Minderjarig; Heeft 1 of meer puntouders => soort gezag is N kan niet bepalen;
Ja,Ja,Nee,Ja,Ja,Nee,1_of_2_puntouders,,,,,,,,,,,38a,N,Nee,Nee,Nee,Nee,3851,Minderjarig; geadopteerd met NL akte; Heeft 1 of meer puntouders => soort gezag is N kan niet bepalen;
Ja,Ja,Nee,Nee,,Nee,Een_ouder,,,,,,,,,,,39e,N,Nee,Nee,Nee,Nee,3900,Minderjarig; heeft 1 ouder; gegevens van ouder in onderzoek => soort gezag is N kan niet bepalen
Ja,Ja,Nee,Ja,Ja,Nee,Een_ouder,,,,,,,,,,,39ae,N,Nee,Nee,Nee,Nee,3901,Minderjarig; geadopteerd met NL akte; heeft 1 ouder; gegevens van ouder in onderzoek => soort gezag is N kan niet bepalen
Ja,Ja,Nee,Nee,,Nee,Een_ouder,,,,Nee,,,,,,,39ee,N,Nee,Nee,Nee,Nee,3910,Minderjarig; heeft 1 ouder; ouder niet gehuwd of partner; Preconditie: Ouder moet een BSN hebben => soort gezag is N kan niet bepalen
Ja,Ja,Nee,Ja,Ja,Nee,Een_ouder,,,,Nee,,,,,,,39aee,N,Nee,Nee,Nee,Nee,3911,Minderjarig; geadopteerd met NL akte; heeft 1 ouder; ouder niet gehuwd of partner; Preconditie: Ouder moet een BSN hebben; gezag kan niet bepaald worden => soort gezag is N kan niet bepalen
Ja,Ja,Nee,Nee,,Nee,Een_ouder,,,,Nee,,,,Ja,,,39,G,Nee,Nee,Nee,Nee,3950,Minderjarig; heeft 1 ouder; ouder niet gehuwd of partner; ouder is niet bevoegd tot gezag => soort gezag is G tijdelijk geen gezag
Ja,Ja,Nee,Ja,Ja,Nee,Een_ouder,,,,Nee,,,,Ja,,,39a,G,Nee,Nee,Nee,Nee,3951,Minderjarig; geadopteerd met NL akte; heeft 1 ouder; ouder niet gehuwd of partner; ouder is niet bevoegd tot gezag => soort gezag is G tijdelijk geen gezag
Ja,Ja,Nee,Nee,,Nee,Een_ouder,,,,Nee,,,,Nee,,,40,N,Nee,Nee,Nee,Nee,4050,Minderjarig; ouder ingeschreven als ouder1 of ouder2; is niet gehuwd of partnerschap; ouder1 en ouder2 bevoegd tot gezag => soort gezag is N en kan niet bepalen; situatie mag niet voorkomen
Ja,Ja,Nee,Ja,Ja,Nee,Een_ouder,,,,Nee,,,,Nee,,,40a,N,Nee,Nee,Nee,Nee,4051,Minderjarig; geadopteerd met NL akte; ouder ingeschreven als ouder1 of ouder2; is niet gehuwd of partnerschap; ouder1 en ouder2 bevoegd tot gezag => soort gezag is N en kan niet bepalen; situatie mag niet voorkomen
Ja,Ja,Nee,Nee,,Nee,Een_ouder,,,,Nee,,,,Nee_ouder1,,,40o1,OG1,Ja,Nee,Nee,Nee,4060,Minderjarig; ouder ingeschreven als ouder1; is niet gehuwd of partnerschap => soort gezag is OG1 en ouder1 heeft gezag
Ja,Ja,Nee,Ja,Ja,Nee,Een_ouder,,,,Nee,,,,Nee_ouder1,,,40ao1,OG1,Ja,Nee,Nee,Nee,4061,Minderjarig; geadopteerd met NL akte; ouder ingeschreven als ouder1;  is niet gehuwd of partnerschap => soort gezag is OG1 en ouder1 heeft gezag
Ja,Ja,Nee,Nee,,Nee,Een_ouder,,,,Nee,,,,Nee_ouder2,,,40o2,OG1,Nee,Ja,Nee,Nee,4070,Minderjarig; ouder ingeschreven als ouder2; is niet gehuwd of partnerschap => soort gezag is OG1 en ouder2 heeft gezag
Ja,Ja,Nee,Ja,Ja,Nee,Een_ouder,,,,Nee,,,,Nee_ouder2,,,40ao2,OG1,Nee,Ja,Nee,Nee,4071,Minderjarig; geadopteerd met NL akte; ouder ingeschreven als ouder2; is niet gehuwd of partnerschap => soort gezag is OG1 en ouder2 heeft gezag
Ja,Ja,Nee,Nee,,Nee,Een_ouder,,,,Ja,,,,,,,41e,N,Nee,Nee,Nee,Nee,4100,Minderjarig; ouder is gehuwd of partnerschap; bij bepalen bevoegdheid tot gezag gegevens in onderzoek => soort gezag is N kan niet bepaald worden
Ja,Ja,Nee,Ja,Ja,Nee,Een_ouder,,,,Ja,,,,,,,41ae,N,Nee,Nee,Nee,Nee,4101,Minderjarig; geadopteerd met NL akte; ouder is gehuwd of partnerschap; bij bepalen bevoegdheid tot gezag gegevens in onderzoek => soort gezag is N kan niet bepaald worden
Ja,Ja,Nee,Nee,,Nee,Een_ouder,,,,Ja,,,,,Nee,,41,GG,Ja,Ja,Ja,Ja,4150,Minderjarig; ouder is gehuwd of partnerschap; ouder en partner zijn bevoegd tot gezag => soort gezag is GG en ouder en partner hebben gezag
Ja,Ja,Nee,Ja,Ja,Nee,Een_ouder,,,,Ja,,,,,Nee,,41a,GG,Ja,Ja,Ja,Ja,4151,Minderjarig; geadopteerd met NL akte; ouder is gehuwd of partnerschap; ouder en partner zijn bevoegd tot gezag => soort gezag is GG en ouder en partner hebben gezag
Ja,Ja,Nee,Nee,,Nee,Een_ouder,,,,Ja,,,,,Ja_nietouder1,,42no1,OG1,Ja,Nee,Nee,Nee,4260,Minderjarig; ouder ingeschreven als ouder1; ouder is gehuwd of partnerschap; partner is onbevoegd tot gezag => soort gezag is OG1 en ouder1 heeft het gezag
Ja,Ja,Nee,Ja,Ja,Nee,Een_ouder,,,,Ja,,,,,Ja_nietouder1,,42ano1,OG1,Ja,Nee,Nee,Nee,4261,Minderjarig; geadopteerd met NL akte; ouder ingeschreven als ouder1; ouder is gehuwd of partnerschap; partner is onbevoegd tot gezag => soort gezag is OG1 en ouder1 heeft het gezag
Ja,Ja,Nee,Nee,,Nee,Een_ouder,,,,Ja,,,,,Ja_nietouder2,,42no2,OG1,Nee,Ja,Nee,Nee,4270,Minderjarig; ouder ingeschreven als ouder2; ouder is gehuwd of partnerschap; partner is onbevoegd tot gezag => soort gezag is OG1 en ouder2 heeft het gezag
Ja,Ja,Nee,Ja,Ja,Nee,Een_ouder,,,,Ja,,,,,Ja_nietouder2,,42ano2,OG1,Nee,Ja,Nee,Nee,4271,Minderjarig; geadopteerd met NL akte; ouder ingeschreven als ouder2; ouder is gehuwd of partnerschap; partner is onbevoegd tot gezag => soort gezag is OG1 en ouder2 heeft het gezag
Ja,Ja,Nee,Nee,,Nee,Een_ouder,,,,Ja,,,,,Ja_ouder1,,43o1,V,Nee,Nee,Ja,Nee,4360,Minderjarig; ouder ingeschreven als ouder1; ouder is gehuwd of partnerschap; ouder is onbevoegd tot gezag => soort gezag is V en de partner van ouder1 is voogd
Ja,Ja,Nee,Ja,Ja,Nee,Een_ouder,,,,Ja,,,,,Ja_ouder1,,43ao1,V,Nee,Nee,Ja,Nee,4361,Minderjarig; geadopteerd met NL akte; ouder ingeschreven als ouder1; ouder is gehuwd of partnerschap; ouder is onbevoegd tot gezag => soort gezag is V en de partner van ouder1 is voogd
Ja,Ja,Nee,Nee,,Nee,Een_ouder,,,,Ja,,,,,Ja_ouder2,,43o2,V,Nee,Nee,Nee,Ja,4370,Minderjarig; ouder ingeschreven als ouder2; ouder is gehuwd of partnerschap; ouder is onbevoegd tot gezag => soort gezag is V en de partner van ouder2 is voogd
Ja,Ja,Nee,Ja,Ja,Nee,Een_ouder,,,,Ja,,,,,Ja_ouder2,,43ao2,V,Nee,Nee,Nee,Ja,4371,Minderjarig; geadopteerd met NL akte; ouder ingeschreven als ouder2; ouder is gehuwd of partnerschap; ouder is onbevoegd tot gezag => soort gezag is V en de partner van ouder2 is voogd
Ja,Ja,Nee,Nee,,Nee,Een_ouder,,,,Ja,,,,,Ja_beiden,,44,G,Nee,Nee,Nee,Nee,4450,Minderjarig; heeft 1 ouder; ouder is gehuwd of partnerschap; ouder en partner zijn niet bevoegd tot gezag => soort gezag is G tijdelijk geen gezag
Ja,Ja,Nee,Ja,Ja,Nee,Een_ouder,,,,Ja,,,,,Ja_beiden,,44a,G,Nee,Nee,Nee,Nee,4451,Minderjarig; geadopteerd met NL akte; heeft 1 ouder; ouder is gehuwd of partnerschap; ouder en partner zijn niet bevoegd tot gezag => soort gezag is G tijdelijk geen gezag
Ja,Ja,Nee,Nee,,Nee,Twee_ouders,,,,,,,,,,,45e,N,Nee,Nee,Nee,Nee,4500,Minderjarig; heeft 2 ouders; Preconditie: Ouders moeten in BRP geregistreerd staan; gezag kan niet bepaald worden => soort gezag is N kan niet bepalen
Ja,Ja,Nee,Ja,Ja,Nee,Twee_ouders,,,,,,,,,,,45ae,N,Nee,Nee,Nee,Nee,4501,Minderjarig; geadopteerd met NL akte; heeft 2 ouders; Preconditie: Ouders moeten in BRP geregistreerd staan; gezag kan niet bepaald worden => soort gezag is N kan niet bepalen
Ja,Ja,Nee,Nee,,Nee,Twee_ouders,Nee_gescheiden,,,,,,,,,,45ee,N,Nee,Nee,Nee,Nee,4510,Minderjarig; heeft 2 ouders; er zijn belangrijke gegevens bij v04A02 in onderzoek; gezag kan niet bepaald worden =>  soort gezag is N kan niet bepalen
Ja,Ja,Nee,Ja,Ja,Nee,Twee_ouders,Nee_gescheiden,,,,,,,,,,45aee,N,Nee,Nee,Nee,Nee,4511,Minderjarig; geadopteerd met NL akte; heeft twee gescheiden ouders; er zijn belangrijke gegevens bij v04A02 in onderzoek; gezag kan niet bepaald worden =>  soort gezag is N kan niet bepalen
Ja,Ja,Nee,Nee,,Nee,Twee_ouders,Nee_gescheiden,,,,,,Nee,,,,45,OG2,Ja,Ja,Nee,Nee,4550,Minderjarig; heeft twee gescheiden ouders => soort gezag is OG2 en beide ouders hebben het gezag;
Ja,Ja,Nee,Ja,Ja,Nee,Twee_ouders,Nee_gescheiden,,,,,,Nee,,,,45a,OG2,Ja,Ja,Nee,Nee,4551,Minderjarig; geadopteerd met NL akte; heeft twee gescheiden ouders; beide ouders zijn bevoegd tot gezag => soort gezag is OG2 en beide ouders hebben het gezag
Ja,Ja,Nee,Nee,,Nee,Twee_ouders,Nee_gescheiden,,,,,,Ja_ouder1,,,,46,OG1,Nee,Ja,Nee,Nee,4650,Minderjarig; heeft twee gescheiden ouders; ouder1 is onbevoegd tot gezag; gezag is OG1 en ouder 2 heeft het gezag;
Ja,Ja,Nee,Ja,Ja,Nee,Twee_ouders,Nee_gescheiden,,,,,,Ja_ouder1,,,,46a,OG1,Nee,Ja,Nee,Nee,4651,Minderjarig; geadopteerd met NL akte; heeft twee gescheiden ouders; ouder1 is onbevoegd tot gezag => soort gezag is OG1 en ouder 2 heeft het gezag
Ja,Ja,Nee,Nee,,Nee,Twee_ouders,Nee_gescheiden,,,,,,Ja_ouder2,,,,47,OG1,Ja,Nee,Nee,Nee,4750,Minderjarig; heeft twee gescheiden ouders; ouder2 is onbevoegd tot gezag; gezag is OG1 en ouder 1 heeft het gezag;
Ja,Ja,Nee,Ja,Ja,Nee,Twee_ouders,Nee_gescheiden,,,,,,Ja_ouder2,,,,47a,OG1,Ja,Nee,Nee,Nee,4751,Minderjarig; geadopteerd met NL akte; heeft twee gescheiden ouders; ouder2 is onbevoegd tot gezag => soort gezag is OG1 en ouder 1 heeft het gezag;
Ja,Ja,Nee,Nee,,Nee,Twee_ouders,Nee_gescheiden,,,,,,Ja_beiden,,,,48,G,Nee,Nee,Nee,Nee,4850,Minderjarig; heeft twee gescheiden ouders; beide ouders zijn niet bevoegd tot gezag => soort gezag is G tijdelijk geen gezag
Ja,Ja,Nee,Ja,Ja,Nee,Twee_ouders,Nee_gescheiden,,,,,,Ja_beiden,,,,48a,G,Nee,Nee,Nee,Nee,4851,Minderjarig; geadopteerd met NL akte; heeft twee gescheiden ouders; beide ouders zijn niet bevoegd tot gezag => soort gezag is G tijdelijk geen gezag
Ja,Ja,Nee,Nee,,Nee,Twee_ouders,Ja,,,,,,,,,,49e,N,Nee,Nee,Nee,Nee,4900,Minderjarig; heeft twee gescheiden ouders; er zijn belangrijke gegevens bij v04A02 in onderzoek; gezag kan niet bepaald worden dus soort gezag is N;
Ja,Ja,Nee,Ja,Ja,Nee,Twee_ouders,Ja,,,,,,,,,,49ae,N,Nee,Nee,Nee,Nee,4901,Minderjarig; geadopteerd met NL akte; heeft twee gescheiden ouders; er zijn belangrijke gegevens bij v04A02 in onderzoek; gezag kan niet bepaald worden dus soort gezag is N;
Ja,Ja,Nee,Nee,,Nee,Twee_ouders,Ja,,,,,,Nee,,,,49,OG2,Ja,Ja,Nee,Nee,4950,Minderjarig; heeft twee gehuwde ouders; beide ouders zijn bevoegd tot gezag => soort gezag is OG2 en beide ouders hebben gezag
Ja,Ja,Nee,Ja,Ja,Nee,Twee_ouders,Ja,,,,,,Nee,,,,49a,OG2,Ja,Ja,Nee,Nee,4951,Minderjarig; geadopteerd met NL akte; heeft twee gehuwde ouders; beide ouders zijn bevoegd tot gezag => soort gezag is OG2 en beide ouders hebben gezag
Ja,Ja,Nee,Nee,,Nee,Twee_ouders,Ja,,,,,,Ja_ouder1,,,,50,OG1,Nee,Ja,Nee,Nee,5050,Minderjarig; heeft twee gehuwde ouders; ouder1 is onbevoegd tot gezag; gezag is OG1 en ouder 2 heeft het gezag;
Ja,Ja,Nee,Ja,Ja,Nee,Twee_ouders,Ja,,,,,,Ja_ouder1,,,,50a,OG1,Nee,Ja,Nee,Nee,5051,Minderjarig; geadopteerd met NL akte; heeft twee gehuwde ouders; ouder1 is onbevoegd tot gezag; gezag is OG1 en ouder 2 heeft het gezag
Ja,Ja,Nee,Nee,,Nee,Twee_ouders,Ja,,,,,,Ja_ouder2,,,,51,OG1,Ja,Nee,Nee,Nee,5150,Minderjarig; heeft twee gehuwde ouders; ouder2 is onbevoegd tot gezag; gezag is OG1 en ouder 1 heeft het gezag;
Ja,Ja,Nee,Ja,Ja,Nee,Twee_ouders,Ja,,,,,,Ja_ouder2,,,,51a,OG1,Ja,Nee,Nee,Nee,5151,Minderjarig; geadopteerd met NL akte; heeft twee gehuwde ouders; ouder2 is onbevoegd tot gezag; gezag is OG1 en ouder 1 heeft het gezag;
Ja,Ja,Nee,Nee,,Nee,Twee_ouders,Ja,,,,,,Ja_beiden,,,,52,G,Nee,Nee,Nee,Nee,5250,Minderjarig; heeft twee ouders; beide ouders zijn niet bevoegd tot gezag => soort gezag is G
Ja,Ja,Nee,Ja,Ja,Nee,Twee_ouders,Ja,,,,,,Ja_beiden,,,,52a,G,Nee,Nee,Nee,Nee,5251,Minderjarig; geadopteerd met NL akte; heeft twee ouders; beide ouders zijn niet bevoegd tot gezag => soort gezag is G
Ja,Ja,Nee,Nee,,Nee,Twee_ouders,Nee_nietig_verklaard,,,,,,,,,,49xe,N,Nee,Nee,Nee,Nee,4900,Minderjarig; heeft twee gescheiden ouders; er zijn belangrijke gegevens bij v04A02 in onderzoek; gezag kan niet bepaald worden dus soort gezag is N;
Ja,Ja,Nee,Ja,Ja,Nee,Twee_ouders,Nee_nietig_verklaard,,,,,,,,,,49xae,N,Nee,Nee,Nee,Nee,4901,Minderjarig; geadopteerd met NL akte; heeft twee gescheiden ouders; er zijn belangrijke gegevens bij v04A02 in onderzoek; gezag kan niet bepaald worden dus soort gezag is N;
Ja,Ja,Nee,Nee,,Nee,Twee_ouders,Nee_nietig_verklaard,,,,,,Nee,,,,49x,OG2,Ja,Ja,Nee,Nee,4950,Minderjarig; heeft twee gehuwde ouders; beide ouders zijn bevoegd tot gezag => soort gezag is OG2 en beide ouders hebben gezag
Ja,Ja,Nee,Ja,Ja,Nee,Twee_ouders,Nee_nietig_verklaard,,,,,,Nee,,,,49xa,OG2,Ja,Ja,Nee,Nee,4951,Minderjarig; geadopteerd met NL akte; heeft twee gehuwde ouders; beide ouders zijn bevoegd tot gezag => soort gezag is OG2 en beide ouders hebben gezag
Ja,Ja,Nee,Nee,,Nee,Twee_ouders,Nee_nietig_verklaard,,,,,,Ja_ouder1,,,,50x,OG1,Nee,Ja,Nee,Nee,5050,Minderjarig; heeft twee gehuwde ouders; ouder1 is onbevoegd tot gezag; gezag is OG1 en ouder 2 heeft het gezag;
Ja,Ja,Nee,Ja,Ja,Nee,Twee_ouders,Nee_nietig_verklaard,,,,,,Ja_ouder1,,,,50xa,OG1,Nee,Ja,Nee,Nee,5051,Minderjarig; geadopteerd met NL akte; heeft twee gehuwde ouders; ouder1 is onbevoegd tot gezag; gezag is OG1 en ouder 2 heeft het gezag
Ja,Ja,Nee,Nee,,Nee,Twee_ouders,Nee_nietig_verklaard,,,,,,Ja_ouder2,,,,51x,OG1,Ja,Nee,Nee,Nee,5150,Minderjarig; heeft twee gehuwde ouders; ouder2 is onbevoegd tot gezag; gezag is OG1 en ouder 1 heeft het gezag;
Ja,Ja,Nee,Ja,Ja,Nee,Twee_ouders,Nee_nietig_verklaard,,,,,,Ja_ouder2,,,,51xa,OG1,Ja,Nee,Nee,Nee,5151,Minderjarig; geadopteerd met NL akte; heeft twee gehuwde ouders; ouder2 is onbevoegd tot gezag; gezag is OG1 en ouder 1 heeft het gezag;
Ja,Ja,Nee,Nee,,Nee,Twee_ouders,Nee_nietig_verklaard,,,,,,Ja_beiden,,,,52x,G,Nee,Nee,Nee,Nee,5250,Minderjarig; heeft twee ouders; beide ouders zijn niet bevoegd tot gezag => soort gezag is G
Ja,Ja,Nee,Ja,Ja,Nee,Twee_ouders,Nee_nietig_verklaard,,,,,,Ja_beiden,,,,52xa,G,Nee,Nee,Nee,Nee,5251,Minderjarig; geadopteerd met NL akte; heeft twee ouders; beide ouders zijn niet bevoegd tot gezag => soort gezag is G
Ja,Ja,Nee,Nee,,Nee,Twee_ouders,Nee_nooit,,,,,,,,,,53e,N,Nee,Nee,Nee,Nee,5300,Minderjarig; er zijn belangrijke gegevens bij v02A02 in onderzoek; gezag kan niet bepaald worden => soort gezag is N kan niet bepaald worden
Ja,Ja,Nee,Ja,Ja,Nee,Twee_ouders,Nee_nooit,,,,,,,,,,53ae,N,Nee,Nee,Nee,Nee,5301,Minderjarig; geadopteerd met NL akte; er zijn belangrijke gegevens bij v02A02 in onderzoek; gezag kan niet bepaald worden => soort gezag is N kan niet bepaald worden 
Ja,Ja,Nee,Nee,,Nee,Twee_ouders,Nee_nooit,Nee,,,,,,,,,53ee,N,Nee,Nee,Nee,Nee,5310,Minderjarig; er zijn belangrijke gegevens bij v02A03 in onderzoek; gezag kan niet bepaald worden => soort gezag is N kan niet bepaald worden
Ja,Ja,Nee,Ja,Ja,Nee,Twee_ouders,Nee_nooit,Nee,,,,,,,,,53aee,N,Nee,Nee,Nee,Nee,5311,Minderjarig; Geadopteerd met NL-Akte; er zijn belangrijke gegevens bij v02A03 in onderzoek; gezag kan niet bepaald worden => soort gezag is N kan niet bepaald worden
Ja,Ja,Nee,Nee,,Nee,Twee_ouders,Nee_nooit,Nee,Voor,,,,,,,,53eee,N,Nee,Nee,Nee,Nee,5320,Minderjarig; heeft twee ongehuwde ouders; erkenning voor 20230101 dus 1 ouder heeft gezag; Preconditie: Persoon en geboortedatum mogen niet leeg zijn; gezag kan niet bepaald worden => soort gezag is N kan niet bepaald worden
Ja,Ja,Nee,Ja,Ja,Nee,Twee_ouders,Nee_nooit,Nee,Voor,,,,,,,,53aeee,N,Nee,Nee,Nee,Nee,5321,Minderjarig; Geadopteerd met NL-Akte; heeft twee ongehuwde ouders; erkenning voor 20230101 dus 1 ouder heeft gezag; Preconditie: Persoon en geboortedatum mogen niet leeg zijn; gezag kan niet bepaald worden gezag kan niet bepaald worden => soort gezag is N kan niet bepaald worden
Ja,Ja,Nee,Nee,,Nee,Twee_ouders,Nee_nooit,Nee,Voor,,,,,Ja,,,53,G,Nee,Nee,Nee,Nee,5350,Minderjarig; heeft 2 ongehuwde ouders; erkenning voor 20230101 dus 1 ouder heeft gezag; beide ouders zijn niet bevoegd tot gezag => soort gezag is G tijdelijk geen gezag
Ja,Ja,Nee,Ja,Ja,Nee,Twee_ouders,Nee_nooit,Nee,Voor,,,,,Ja,,,53a,G,Nee,Nee,Nee,Nee,5351,Minderjarig; Geadopteerd met NL-Akte; heeft 2 ongehuwde ouders; erkenning voor 20230101 dus 1 ouder heeft gezag; beide ouders zijn niet bevoegd tot gezag => soort gezag is G tijdelijk geen gezag
Ja,Ja,Nee,Nee,,Nee,Twee_ouders,Nee_nooit,Nee,Na,,,,,,,,53ne,N,Nee,Nee,Nee,Nee,5360,Minderjarig; heeft twee ongehuwde ouders; er zijn belangrijke gegevens in onderzoek; gezag kan niet bepaald worden => soort gezag is N kan niet worden bepaald
Ja,Ja,Nee,Ja,Ja,Nee,Twee_ouders,Nee_nooit,Nee,Na,,,,,,,,53ane,N,Nee,Nee,Nee,Nee,5361,Minderjarig; Geadopteerd met NL-Akte; heeft twee ongehuwde ouders; er zijn belangrijke gegevens in onderzoek; gezag kan niet bepaald worden => soort gezag is N kan niet worden bepaald
Ja,Ja,Nee,Nee,,Nee,Twee_ouders,Nee_nooit,Nee,Na,,,,Ja_ouder1,,,,53n1,OG1,Nee,Ja,Nee,Nee,5370,Minderjarig; heeft twee ongehuwde ouders; erkenning na 20230101 dus beide ouders komen in aanmerking voor gezag; ouder1 is onbevoegd tot gezag => soort gezag is OG1 en ouder2 heeft het gezag
Ja,Ja,Nee,Ja,Ja,Nee,Twee_ouders,Nee_nooit,Nee,Na,,,,Ja_ouder1,,,,53an1,OG1,Nee,Ja,Nee,Nee,5371,Minderjarig; Geadopteerd met NL-Akte; heeft twee ongehuwde ouders; erkenning na 20230101 dus beide ouders komen in aanmerking voor gezag; ouder1 is onbevoegd tot gezag => soort gezag is OG1 en ouder2 heeft het gezag
Ja,Ja,Nee,Nee,,Nee,Twee_ouders,Nee_nooit,Nee,Na,,,,Ja_ouder2,,,,53n2,OG1,Ja,Nee,Nee,Nee,5380,Minderjarig; heeft twee ongehuwde ouders; erkenning na 20230101 dus beide ouders komen in aanmerking voor gezag; Ouder2 is onbevoegd tot gezag => soort gezag is OG1 en Ouder1 heeft het gezag
Ja,Ja,Nee,Ja,Ja,Nee,Twee_ouders,Nee_nooit,Nee,Na,,,,Ja_ouder2,,,,53an2,OG1,Ja,Nee,Nee,Nee,5381,Minderjarig; Geadopteerd met NL-Akte; heeft twee ongehuwde ouders; erkenning na 20230101 dus beide ouders komen in aanmerking voor gezag; Ouder2 is onbevoegd tot gezag => soort gezag is OG1 en Ouder1 heeft het gezag
Ja,Ja,Nee,Nee,,Nee,Twee_ouders,Nee_nooit,Nee,Na,,,,Ja_beiden,,,,53nb,G,Nee,Nee,Nee,Nee,5390,Minderjarig; heeft twee ongehuwde ouders; erkenning na 20230101 dus beide ouders komen in aanmerking voor gezag; beide ouders zijn onbevoegd tot gezag => soort gezag is G tijdelijk geen gezag
Ja,Ja,Nee,Ja,Ja,Nee,Twee_ouders,Nee_nooit,Nee,Na,,,,Ja_beiden,,,,53anb,G,Nee,Nee,Nee,Nee,5391,Minderjarig; Geadopteerd met NL-Akte; heeft 2 ongehuwde ouders; erkenning voor 20230101 dus 1 ouder heeft gezag; beide ouders zijn niet bevoegd tot gezag => soort gezag is G tijdelijk geen gezag
Ja,Ja,Nee,Nee,,Nee,Twee_ouders,Nee_nooit,Nee,Voor,,,,,Nee,,,54,N,Nee,Nee,Nee,Nee,5450,Minderjarig; heeft 2 ongehuwde ouders; erkenning voor 20230101 dus 1 ouder heeft gezag; er kan niet bepaald worden welke ouder het betreft; Soort gezag wordt N kan niet bepalen;
Ja,Ja,Nee,Ja,Ja,Nee,Twee_ouders,Nee_nooit,Nee,Voor,,,,,Nee,,,54a,N,Nee,Nee,Nee,Nee,5451,Minderjarig; geadopteerd met NL-Akte; heeft 2 ongehuwde ouders; erkenning voor 20230101 dus 1 ouder heeft gezag; er kan niet bepaald worden welke ouder het betreft; Soort gezag wordt N kan niet bepalen;
Ja,Ja,Nee,Nee,,Nee,Twee_ouders,Nee_nooit,Nee,Voor,,,,,Nee_ouder1,,,54o1,OG1,Ja,Nee,Nee,Nee,5460,Minderjarig; heeft 2 ongehuwde ouders; erkenning voor 20230101 dus 1 ouder heeft gezag; ouder1 met ingangsdatum familierechtelijke betrekking gelijk geboortedatum kind heeft het gezag => soort gezag is OG1 en ouder1 heeft gezag
Ja,Ja,Nee,Ja,Ja,Nee,Twee_ouders,Nee_nooit,Nee,Voor,,,,,Nee_ouder1,,,54ao1,OG1,Ja,Nee,Nee,Nee,5461,Minderjarig; Geadopteerd met NL-Akte; heeft 2 ongehuwde ouders; erkenning voor 20230101 dus 1 ouder heeft gezag; ouder1 met ingangsdatum familierechtelijke betrekking gelijk geboortedatum kind heeft het gezag => soort gezag is OG1 en ouder1 heeft gezag
Ja,Ja,Nee,Nee,,Nee,Twee_ouders,Nee_nooit,Nee,Voor,,,,,Nee_ouder2,,,54o2,OG1,Nee,Ja,Nee,Nee,5470,Minderjarig; heeft 2 ongehuwde ouders; erkenning voor 20230101 dus 1 ouder heeft gezag; ouder2 met ingangsdatum familierechtelijke betrekking gelijk geboortedatum kind heeft het gezag => soort gezag is OG1 en ouder2 heeft gezag
Ja,Ja,Nee,Ja,Ja,Nee,Twee_ouders,Nee_nooit,Nee,Voor,,,,,Nee_ouder2,,,54a02,OG1,Nee,Ja,Nee,Nee,5471,Minderjarig; Geadopteerd met NL-Akte; heeft 2 ongehuwde ouders; erkenning voor 20230101 dus 1 ouder heeft gezag; ouder2 met ingangsdatum familierechtelijke betrekking gelijk geboortedatum kind heeft het gezag => soort gezag is OG1 en ouder2 heeft gezag
Ja,Ja,Nee,Nee,,Nee,Twee_ouders,Nee_nooit,Nee,Na,,,,Nee,,,,54n,OG2,Ja,Ja,Nee,Nee,5480,Minderjarig; heeft twee ongehuwde ouders; erkenning na 20230101 dus beide ouders komen in aanmerking voor gezag; beide ouders zijn bevoegd tot gezag => soort gezag is OG2 en beide ouders hebben gezag
Ja,Ja,Nee,Ja,Ja,Nee,Twee_ouders,Nee_nooit,Nee,Na,,,,Nee,,,,54an,OG2,Ja,Ja,Nee,Nee,5481,Minderjarig; Geadopteerd met NL-Akte; heeft twee ongehuwde ouders; erkenning na 20230101 dus beide ouders komen in aanmerking voor gezag; beide ouders zijn bevoegd tot gezag => soort gezag is OG2 en beide ouders hebben gezag
Ja,Ja,Nee,Nee,,Nee,Twee_ouders,Nee_nooit,Ja,,,,,,,,,55e,N,Nee,Nee,Nee,Nee,5500,Minderjarig; heeft twee ongehuwde ouders; kind is geadopteerd; er zijn belangrijke gegevens bij v04A02 in onderzoek; gezag kan niet bepaald worden dus soort gezag is N;
Ja,Ja,Nee,Ja,Ja,Nee,Twee_ouders,Nee_nooit,Ja,,,,,,,,,55ae,N,Nee,Nee,Nee,Nee,5501,Minderjarig; Adoptie met NL-Akte; heeft twee ongehuwde ouders; kind is geadopteerd; er zijn belangrijke gegevens bij v04A02 in onderzoek; gezag kan niet bepaald worden dus soort gezag is N;
Ja,Ja,Nee,Nee,,Nee,Twee_ouders,Nee_nooit,Ja,,,,,Nee,,,,55,OG2,Ja,Ja,Nee,Nee,5550,Minderjarig; heeft twee ongehuwde ouders; kind is geadopteerd; beide ouders zijn bevoegd tot gezag => soort gezag is OG2 en beide ouders hebben gezag
Ja,Ja,Nee,Ja,Ja,Nee,Twee_ouders,Nee_nooit,Ja,,,,,Nee,,,,55a,OG2,Ja,Ja,Nee,Nee,5551,Minderjarig; geadopteerd met NL akte; heeft twee ongehuwde ouders; kind is geadopteerd; beide ouders zijn bevoegd tot gezag => soort gezag is OG2 en beide ouders hebben gezag
Ja,Ja,Nee,Nee,,Nee,Twee_ouders,Nee_nooit,Ja,,,,,Ja_ouder1,,,,56,OG1,Nee,Ja,Nee,Nee,5650,Minderjarig; heeft twee ongehuwde ouders; kind is geadopteerd; ouder1 is onbevoegd tot gezag => soort gezag is OG1 en ouder 2 heeft het gezag
Ja,Ja,Nee,Ja,Ja,Nee,Twee_ouders,Nee_nooit,Ja,,,,,Ja_ouder1,,,,56a,OG1,Nee,Ja,Nee,Nee,5651,Minderjarig; geadopteerd met NL akte; heeft twee ongehuwde ouders; kind is geadopteerd; ouder1 is onbevoegd tot gezag => soort gezag is OG1 en ouder 2 heeft het gezag
Ja,Ja,Nee,Nee,,Nee,Twee_ouders,Nee_nooit,Ja,,,,,Ja_ouder2,,,,57,OG1,Ja,Nee,Nee,Nee,5750,Minderjarig; heeft twee ongehuwde ouders; kind is geadopteerd; ouder2 is onbevoegd tot gezag => soort gezag is OG1 en ouder 1 heeft het gezag
Ja,Ja,Nee,Ja,Ja,Nee,Twee_ouders,Nee_nooit,Ja,,,,,Ja_ouder2,,,,57a,OG1,Ja,Nee,Nee,Nee,5751,Minderjarig; geadopteerd met NL akte; heeft twee ongehuwde ouders; kind is geadopteerd; ouder2 is onbevoegd tot gezag => soort gezag is OG1 en ouder 1 heeft het gezag
Ja,Ja,Nee,Nee,,Nee,Twee_ouders,Nee_nooit,Ja,,,,,Ja_beiden,,,,58,G,Nee,Nee,Nee,Nee,5850,Minderjarig; heeft twee ongehuwde ouders; kind is geadopteerd;  beide ouders zijn onbevoegd tot gezag => soort gezag is G tijdelijk geen gezag
Ja,Ja,Nee,Ja,Ja,Nee,Twee_ouders,Nee_nooit,Ja,,,,,Ja_beiden,,,,58a,G,Nee,Nee,Nee,Nee,5851,Minderjarig; geadopteerd met NL akte; heeft twee ongehuwde ouders; kind is geadopteerd;  beide ouders zijn onbevoegd tot gezag => soort gezag is G tijdelijk geen gezag
